Section,Type,Path,URL,Name
Static,Page,/,https://medicaltoursindia.com/,"Homepage"
Static,Page,/about-us,https://medicaltoursindia.com/about-us,"About Us"
Static,Page,/why-india-for-medical-treatment,https://medicaltoursindia.com/why-india-for-medical-treatment,"Why India"
Static,Page,/contact-us,https://medicaltoursindia.com/contact-us,"Contact"
Static,Page,/free-second-opinion,https://medicaltoursindia.com/free-second-opinion,"Free Second Opinion"
Static,Page,/get-free-quote,https://medicaltoursindia.com/get-free-quote,"Get Free Quote"
Static,Page,/how-it-works,https://medicaltoursindia.com/how-it-works,"How It Works"
Static,Page,/emergency-urgent-cases,https://medicaltoursindia.com/emergency-urgent-cases,"Urgent Cases"
Static,Page,/insurance-tpa-international-patients,https://medicaltoursindia.com/insurance-tpa-international-patients,"Insurance & TPA"
Static,Page,/accreditations-certifications,https://medicaltoursindia.com/accreditations-certifications,"Accreditations"
Static,Page,/our-team,https://medicaltoursindia.com/our-team,"Our Team"
Static,Page,/reviews,https://medicaltoursindia.com/reviews,"Reviews"
Static,Page,/hospital-network,https://medicaltoursindia.com/hospital-network,"Hospital Network"
Static,Page,/hospitals,https://medicaltoursindia.com/hospitals,"Hospitals Hub"
Static,Page,/treatments,https://medicaltoursindia.com/treatments,"Treatments Hub"
Static,Page,/countries,https://medicaltoursindia.com/countries,"Countries Hub"
Static,Page,/doctors,https://medicaltoursindia.com/doctors,"Doctors Hub"
Static,Page,/cost-calculator,https://medicaltoursindia.com/cost-calculator,"Cost Calculator"
Static,Page,/patient-stories,https://medicaltoursindia.com/patient-stories,"Patient Stories Hub"
Static,Page,/blog,https://medicaltoursindia.com/blog,"Blog Hub"
Static,Page,/medical-visa-assistance,https://medicaltoursindia.com/medical-visa-assistance,"Medical Visa Assistance"
Static,Page,/travel-accommodation-assistance,https://medicaltoursindia.com/travel-accommodation-assistance,"Travel & Accommodation"
Static,Page,/interpreter-language-support,https://medicaltoursindia.com/interpreter-language-support,"Interpreter Support"
Static,Page,/faq,https://medicaltoursindia.com/faq,"FAQ"
Static,Page,/privacy-policy,https://medicaltoursindia.com/privacy-policy,"Privacy Policy"
Static,Page,/terms-of-service,https://medicaltoursindia.com/terms-of-service,"Terms of Service"
Static,Page,/african,https://medicaltoursindia.com/african,"African Landing Page"
Static,Page,/thank-you,https://medicaltoursindia.com/thank-you,"Thank You"
Treatments,Category,/treatments/cardiac-care-india,https://medicaltoursindia.com/treatments/cardiac-care-india,"Cardiac Care"
Treatments,Category,/treatments/orthopaedic-treatments-india,https://medicaltoursindia.com/treatments/orthopaedic-treatments-india,"Orthopaedic Treatments"
Treatments,Category,/treatments/cancer-treatment-india,https://medicaltoursindia.com/treatments/cancer-treatment-india,"Cancer Treatment"
Treatments,Category,/treatments/fertility-treatments-india,https://medicaltoursindia.com/treatments/fertility-treatments-india,"Fertility Treatments"
Treatments,Category,/treatments/neurology-neurosurgery-india,https://medicaltoursindia.com/treatments/neurology-neurosurgery-india,"Neurology & Neurosurgery"
Treatments,Category,/treatments/cosmetic-plastic-surgery-india,https://medicaltoursindia.com/treatments/cosmetic-plastic-surgery-india,"Cosmetic & Plastic Surgery"
Treatments,Category,/treatments/general-advanced-surgeries-india,https://medicaltoursindia.com/treatments/general-advanced-surgeries-india,"General & Advanced Surgeries"
Treatments,Category,/treatments/eye-care-ophthalmology-india,https://medicaltoursindia.com/treatments/eye-care-ophthalmology-india,"Eye Care & Ophthalmology"
Treatments,Category,/treatments/dental-treatments-india,https://medicaltoursindia.com/treatments/dental-treatments-india,"Dental Treatments"
Treatments,Category,/treatments/wellness-holistic-healing-india,https://medicaltoursindia.com/treatments/wellness-holistic-healing-india,"Wellness & Holistic Healing"
Treatments,Category,/treatments/urology-treatments-india,https://medicaltoursindia.com/treatments/urology-treatments-india,"Urology"
Treatments,Category,/treatments/gynecology-womens-health-india,https://medicaltoursindia.com/treatments/gynecology-womens-health-india,"Gynecology & Women's Health"
Treatments,Category,/treatments/ent-treatments-india,https://medicaltoursindia.com/treatments/ent-treatments-india,"ENT (Ear, Nose & Throat)"
Treatments,Category,/treatments/gastroenterology-india,https://medicaltoursindia.com/treatments/gastroenterology-india,"Gastroenterology & Hepatology"
Treatments,Category,/treatments/endocrinology-diabetes-india,https://medicaltoursindia.com/treatments/endocrinology-diabetes-india,"Endocrinology & Diabetes"
Treatments,Category,/treatments/vascular-surgery-india,https://medicaltoursindia.com/treatments/vascular-surgery-india,"Vascular Surgery"
Treatments,Category,/treatments/dermatology-skin-care-india,https://medicaltoursindia.com/treatments/dermatology-skin-care-india,"Dermatology & Skin Care"
Treatments,Category,/treatments/pediatric-treatments-india,https://medicaltoursindia.com/treatments/pediatric-treatments-india,"Pediatric Treatments"
Treatments,Category,/treatments/pulmonology-lung-care-india,https://medicaltoursindia.com/treatments/pulmonology-lung-care-india,"Pulmonology & Lung Care"
Treatments,Category,/treatments/hematology-bone-marrow-india,https://medicaltoursindia.com/treatments/hematology-bone-marrow-india,"Hematology & Bone Marrow"
Treatments,Procedure,/treatments/cardiac-care-india/heart-bypass-surgery-cost-india,https://medicaltoursindia.com/treatments/cardiac-care-india/heart-bypass-surgery-cost-india,"Heart Bypass Surgery (CABG)"
Cost Comparison,Comparison,/cost-comparison/heart-bypass-surgery-cost-india,https://medicaltoursindia.com/cost-comparison/heart-bypass-surgery-cost-india,"Heart Bypass Surgery (CABG) Cost Comparison"
Treatments,Procedure,/treatments/cardiac-care-india/angioplasty-stent-placement-cost-india,https://medicaltoursindia.com/treatments/cardiac-care-india/angioplasty-stent-placement-cost-india,"Angioplasty / Stent Placement"
Cost Comparison,Comparison,/cost-comparison/angioplasty-stent-placement-cost-india,https://medicaltoursindia.com/cost-comparison/angioplasty-stent-placement-cost-india,"Angioplasty / Stent Placement Cost Comparison"
Treatments,Procedure,/treatments/cardiac-care-india/heart-valve-replacement-surgery-india,https://medicaltoursindia.com/treatments/cardiac-care-india/heart-valve-replacement-surgery-india,"Heart Valve Replacement / Repair"
Cost Comparison,Comparison,/cost-comparison/heart-valve-replacement-surgery-india,https://medicaltoursindia.com/cost-comparison/heart-valve-replacement-surgery-india,"Heart Valve Replacement / Repair Cost Comparison"
Treatments,Procedure,/treatments/cardiac-care-india/pacemaker-implantation-india,https://medicaltoursindia.com/treatments/cardiac-care-india/pacemaker-implantation-india,"Pacemaker Implantation"
Cost Comparison,Comparison,/cost-comparison/pacemaker-implantation-india,https://medicaltoursindia.com/cost-comparison/pacemaker-implantation-india,"Pacemaker Implantation Cost Comparison"
Treatments,Procedure,/treatments/cardiac-care-india/pediatric-heart-surgery-india,https://medicaltoursindia.com/treatments/cardiac-care-india/pediatric-heart-surgery-india,"Pediatric Heart Surgery"
Cost Comparison,Comparison,/cost-comparison/pediatric-heart-surgery-india,https://medicaltoursindia.com/cost-comparison/pediatric-heart-surgery-india,"Pediatric Heart Surgery Cost Comparison"
Treatments,Procedure,/treatments/cardiac-care-india/asd-vsd-closure-surgery-india,https://medicaltoursindia.com/treatments/cardiac-care-india/asd-vsd-closure-surgery-india,"ASD / VSD Closure Surgery"
Cost Comparison,Comparison,/cost-comparison/asd-vsd-closure-surgery-india,https://medicaltoursindia.com/cost-comparison/asd-vsd-closure-surgery-india,"ASD / VSD Closure Surgery Cost Comparison"
Treatments,Procedure,/treatments/cardiac-care-india/heart-transplant-india,https://medicaltoursindia.com/treatments/cardiac-care-india/heart-transplant-india,"Heart Transplant"
Cost Comparison,Comparison,/cost-comparison/heart-transplant-india,https://medicaltoursindia.com/cost-comparison/heart-transplant-india,"Heart Transplant Cost Comparison"
Treatments,Procedure,/treatments/cardiac-care-india/tavr-india,https://medicaltoursindia.com/treatments/cardiac-care-india/tavr-india,"TAVR (Transcatheter Aortic Valve Replacement)"
Cost Comparison,Comparison,/cost-comparison/tavr-india,https://medicaltoursindia.com/cost-comparison/tavr-india,"TAVR (Transcatheter Aortic Valve Replacement) Cost Comparison"
Treatments,Procedure,/treatments/orthopaedic-treatments-india/total-knee-replacement-surgery-india,https://medicaltoursindia.com/treatments/orthopaedic-treatments-india/total-knee-replacement-surgery-india,"Total Knee Replacement"
Cost Comparison,Comparison,/cost-comparison/total-knee-replacement-surgery-india,https://medicaltoursindia.com/cost-comparison/total-knee-replacement-surgery-india,"Total Knee Replacement Cost Comparison"
Treatments,Procedure,/treatments/orthopaedic-treatments-india/hip-replacement-surgery-india,https://medicaltoursindia.com/treatments/orthopaedic-treatments-india/hip-replacement-surgery-india,"Hip Replacement"
Cost Comparison,Comparison,/cost-comparison/hip-replacement-surgery-india,https://medicaltoursindia.com/cost-comparison/hip-replacement-surgery-india,"Hip Replacement Cost Comparison"
Treatments,Procedure,/treatments/orthopaedic-treatments-india/spine-surgery-india,https://medicaltoursindia.com/treatments/orthopaedic-treatments-india/spine-surgery-india,"Spine Surgery (Discectomy / Fusion)"
Cost Comparison,Comparison,/cost-comparison/spine-surgery-india,https://medicaltoursindia.com/cost-comparison/spine-surgery-india,"Spine Surgery (Discectomy / Fusion) Cost Comparison"
Treatments,Procedure,/treatments/orthopaedic-treatments-india/acl-reconstruction-surgery-india,https://medicaltoursindia.com/treatments/orthopaedic-treatments-india/acl-reconstruction-surgery-india,"ACL Reconstruction"
Cost Comparison,Comparison,/cost-comparison/acl-reconstruction-surgery-india,https://medicaltoursindia.com/cost-comparison/acl-reconstruction-surgery-india,"ACL Reconstruction Cost Comparison"
Treatments,Procedure,/treatments/orthopaedic-treatments-india/shoulder-replacement-surgery-india,https://medicaltoursindia.com/treatments/orthopaedic-treatments-india/shoulder-replacement-surgery-india,"Shoulder Replacement"
Cost Comparison,Comparison,/cost-comparison/shoulder-replacement-surgery-india,https://medicaltoursindia.com/cost-comparison/shoulder-replacement-surgery-india,"Shoulder Replacement Cost Comparison"
Treatments,Procedure,/treatments/orthopaedic-treatments-india/bilateral-knee-replacement-india,https://medicaltoursindia.com/treatments/orthopaedic-treatments-india/bilateral-knee-replacement-india,"Bilateral Knee Replacement"
Cost Comparison,Comparison,/cost-comparison/bilateral-knee-replacement-india,https://medicaltoursindia.com/cost-comparison/bilateral-knee-replacement-india,"Bilateral Knee Replacement Cost Comparison"
Treatments,Procedure,/treatments/orthopaedic-treatments-india/sports-injury-surgery-india,https://medicaltoursindia.com/treatments/orthopaedic-treatments-india/sports-injury-surgery-india,"Sports Injury Surgery"
Cost Comparison,Comparison,/cost-comparison/sports-injury-surgery-india,https://medicaltoursindia.com/cost-comparison/sports-injury-surgery-india,"Sports Injury Surgery Cost Comparison"
Treatments,Procedure,/treatments/orthopaedic-treatments-india/scoliosis-correction-surgery-india,https://medicaltoursindia.com/treatments/orthopaedic-treatments-india/scoliosis-correction-surgery-india,"Scoliosis Correction Surgery"
Cost Comparison,Comparison,/cost-comparison/scoliosis-correction-surgery-india,https://medicaltoursindia.com/cost-comparison/scoliosis-correction-surgery-india,"Scoliosis Correction Surgery Cost Comparison"
Treatments,Procedure,/treatments/cancer-treatment-india/chemotherapy-cost-india,https://medicaltoursindia.com/treatments/cancer-treatment-india/chemotherapy-cost-india,"Chemotherapy"
Cost Comparison,Comparison,/cost-comparison/chemotherapy-cost-india,https://medicaltoursindia.com/cost-comparison/chemotherapy-cost-india,"Chemotherapy Cost Comparison"
Treatments,Procedure,/treatments/cancer-treatment-india/radiation-therapy-india,https://medicaltoursindia.com/treatments/cancer-treatment-india/radiation-therapy-india,"Radiation Therapy"
Cost Comparison,Comparison,/cost-comparison/radiation-therapy-india,https://medicaltoursindia.com/cost-comparison/radiation-therapy-india,"Radiation Therapy Cost Comparison"
Treatments,Procedure,/treatments/cancer-treatment-india/breast-cancer-treatment-india,https://medicaltoursindia.com/treatments/cancer-treatment-india/breast-cancer-treatment-india,"Breast Cancer Treatment"
Cost Comparison,Comparison,/cost-comparison/breast-cancer-treatment-india,https://medicaltoursindia.com/cost-comparison/breast-cancer-treatment-india,"Breast Cancer Treatment Cost Comparison"
Treatments,Procedure,/treatments/hematology-bone-marrow-india/bone-marrow-transplant-india,https://medicaltoursindia.com/treatments/hematology-bone-marrow-india/bone-marrow-transplant-india,"Bone Marrow Transplant"
Cost Comparison,Comparison,/cost-comparison/bone-marrow-transplant-india,https://medicaltoursindia.com/cost-comparison/bone-marrow-transplant-india,"Bone Marrow Transplant Cost Comparison"
Treatments,Procedure,/treatments/cancer-treatment-india/robotic-cancer-surgery-india,https://medicaltoursindia.com/treatments/cancer-treatment-india/robotic-cancer-surgery-india,"Robotic Cancer Surgery (da Vinci)"
Cost Comparison,Comparison,/cost-comparison/robotic-cancer-surgery-india,https://medicaltoursindia.com/cost-comparison/robotic-cancer-surgery-india,"Robotic Cancer Surgery (da Vinci) Cost Comparison"
Treatments,Procedure,/treatments/cancer-treatment-india/immunotherapy-cost-india,https://medicaltoursindia.com/treatments/cancer-treatment-india/immunotherapy-cost-india,"Immunotherapy"
Cost Comparison,Comparison,/cost-comparison/immunotherapy-cost-india,https://medicaltoursindia.com/cost-comparison/immunotherapy-cost-india,"Immunotherapy Cost Comparison"
Treatments,Procedure,/treatments/cancer-treatment-india/oral-throat-cancer-treatment-india,https://medicaltoursindia.com/treatments/cancer-treatment-india/oral-throat-cancer-treatment-india,"Oral / Throat Cancer Treatment"
Cost Comparison,Comparison,/cost-comparison/oral-throat-cancer-treatment-india,https://medicaltoursindia.com/cost-comparison/oral-throat-cancer-treatment-india,"Oral / Throat Cancer Treatment Cost Comparison"
Treatments,Procedure,/treatments/cancer-treatment-india/prostate-cancer-treatment-india,https://medicaltoursindia.com/treatments/cancer-treatment-india/prostate-cancer-treatment-india,"Prostate Cancer Treatment"
Cost Comparison,Comparison,/cost-comparison/prostate-cancer-treatment-india,https://medicaltoursindia.com/cost-comparison/prostate-cancer-treatment-india,"Prostate Cancer Treatment Cost Comparison"
Treatments,Procedure,/treatments/fertility-treatments-india/ivf-treatment-cost-india,https://medicaltoursindia.com/treatments/fertility-treatments-india/ivf-treatment-cost-india,"IVF Treatment"
Cost Comparison,Comparison,/cost-comparison/ivf-treatment-cost-india,https://medicaltoursindia.com/cost-comparison/ivf-treatment-cost-india,"IVF Treatment Cost Comparison"
Treatments,Procedure,/treatments/fertility-treatments-india/icsi-treatment-india,https://medicaltoursindia.com/treatments/fertility-treatments-india/icsi-treatment-india,"ICSI Treatment"
Cost Comparison,Comparison,/cost-comparison/icsi-treatment-india,https://medicaltoursindia.com/cost-comparison/icsi-treatment-india,"ICSI Treatment Cost Comparison"
Treatments,Procedure,/treatments/fertility-treatments-india/surrogacy-india-for-foreigners,https://medicaltoursindia.com/treatments/fertility-treatments-india/surrogacy-india-for-foreigners,"Surrogacy for Foreigners"
Cost Comparison,Comparison,/cost-comparison/surrogacy-india-for-foreigners,https://medicaltoursindia.com/cost-comparison/surrogacy-india-for-foreigners,"Surrogacy for Foreigners Cost Comparison"
Treatments,Procedure,/treatments/fertility-treatments-india/egg-donation-freezing-india,https://medicaltoursindia.com/treatments/fertility-treatments-india/egg-donation-freezing-india,"Egg Donation / Freezing"
Cost Comparison,Comparison,/cost-comparison/egg-donation-freezing-india,https://medicaltoursindia.com/cost-comparison/egg-donation-freezing-india,"Egg Donation / Freezing Cost Comparison"
Treatments,Procedure,/treatments/fertility-treatments-india/iui-treatment-cost-india,https://medicaltoursindia.com/treatments/fertility-treatments-india/iui-treatment-cost-india,"IUI Treatment"
Cost Comparison,Comparison,/cost-comparison/iui-treatment-cost-india,https://medicaltoursindia.com/cost-comparison/iui-treatment-cost-india,"IUI Treatment Cost Comparison"
Treatments,Procedure,/treatments/fertility-treatments-india/male-infertility-treatment-india,https://medicaltoursindia.com/treatments/fertility-treatments-india/male-infertility-treatment-india,"Male Infertility Treatment"
Cost Comparison,Comparison,/cost-comparison/male-infertility-treatment-india,https://medicaltoursindia.com/cost-comparison/male-infertility-treatment-india,"Male Infertility Treatment Cost Comparison"
Treatments,Procedure,/treatments/neurology-neurosurgery-india/brain-tumor-surgery-india,https://medicaltoursindia.com/treatments/neurology-neurosurgery-india/brain-tumor-surgery-india,"Brain Tumor Surgery"
Cost Comparison,Comparison,/cost-comparison/brain-tumor-surgery-india,https://medicaltoursindia.com/cost-comparison/brain-tumor-surgery-india,"Brain Tumor Surgery Cost Comparison"
Treatments,Procedure,/treatments/neurology-neurosurgery-india/spine-neurosurgery-india,https://medicaltoursindia.com/treatments/neurology-neurosurgery-india/spine-neurosurgery-india,"Spine Neurosurgery"
Cost Comparison,Comparison,/cost-comparison/spine-neurosurgery-india,https://medicaltoursindia.com/cost-comparison/spine-neurosurgery-india,"Spine Neurosurgery Cost Comparison"
Treatments,Procedure,/treatments/neurology-neurosurgery-india/epilepsy-surgery-india,https://medicaltoursindia.com/treatments/neurology-neurosurgery-india/epilepsy-surgery-india,"Epilepsy Surgery"
Cost Comparison,Comparison,/cost-comparison/epilepsy-surgery-india,https://medicaltoursindia.com/cost-comparison/epilepsy-surgery-india,"Epilepsy Surgery Cost Comparison"
Treatments,Procedure,/treatments/neurology-neurosurgery-india/deep-brain-stimulation-india,https://medicaltoursindia.com/treatments/neurology-neurosurgery-india/deep-brain-stimulation-india,"Deep Brain Stimulation (Parkinson's)"
Cost Comparison,Comparison,/cost-comparison/deep-brain-stimulation-india,https://medicaltoursindia.com/cost-comparison/deep-brain-stimulation-india,"Deep Brain Stimulation (Parkinson's) Cost Comparison"
Treatments,Procedure,/treatments/neurology-neurosurgery-india/stroke-treatment-rehab-india,https://medicaltoursindia.com/treatments/neurology-neurosurgery-india/stroke-treatment-rehab-india,"Stroke Treatment & Rehab"
Cost Comparison,Comparison,/cost-comparison/stroke-treatment-rehab-india,https://medicaltoursindia.com/cost-comparison/stroke-treatment-rehab-india,"Stroke Treatment & Rehab Cost Comparison"
Treatments,Procedure,/treatments/neurology-neurosurgery-india/aneurysm-surgery-india,https://medicaltoursindia.com/treatments/neurology-neurosurgery-india/aneurysm-surgery-india,"Aneurysm Surgery"
Cost Comparison,Comparison,/cost-comparison/aneurysm-surgery-india,https://medicaltoursindia.com/cost-comparison/aneurysm-surgery-india,"Aneurysm Surgery Cost Comparison"
Treatments,Procedure,/treatments/cosmetic-plastic-surgery-india/rhinoplasty-cost-india,https://medicaltoursindia.com/treatments/cosmetic-plastic-surgery-india/rhinoplasty-cost-india,"Rhinoplasty (Nose Job)"
Cost Comparison,Comparison,/cost-comparison/rhinoplasty-cost-india,https://medicaltoursindia.com/cost-comparison/rhinoplasty-cost-india,"Rhinoplasty (Nose Job) Cost Comparison"
Treatments,Procedure,/treatments/cosmetic-plastic-surgery-india/liposuction-cost-india,https://medicaltoursindia.com/treatments/cosmetic-plastic-surgery-india/liposuction-cost-india,"Liposuction"
Cost Comparison,Comparison,/cost-comparison/liposuction-cost-india,https://medicaltoursindia.com/cost-comparison/liposuction-cost-india,"Liposuction Cost Comparison"
Treatments,Procedure,/treatments/cosmetic-plastic-surgery-india/breast-augmentation-reduction-india,https://medicaltoursindia.com/treatments/cosmetic-plastic-surgery-india/breast-augmentation-reduction-india,"Breast Augmentation / Reduction"
Cost Comparison,Comparison,/cost-comparison/breast-augmentation-reduction-india,https://medicaltoursindia.com/cost-comparison/breast-augmentation-reduction-india,"Breast Augmentation / Reduction Cost Comparison"
Treatments,Procedure,/treatments/cosmetic-plastic-surgery-india/tummy-tuck-abdominoplasty-india,https://medicaltoursindia.com/treatments/cosmetic-plastic-surgery-india/tummy-tuck-abdominoplasty-india,"Tummy Tuck (Abdominoplasty)"
Cost Comparison,Comparison,/cost-comparison/tummy-tuck-abdominoplasty-india,https://medicaltoursindia.com/cost-comparison/tummy-tuck-abdominoplasty-india,"Tummy Tuck (Abdominoplasty) Cost Comparison"
Treatments,Procedure,/treatments/cosmetic-plastic-surgery-india/hair-transplant-cost-india,https://medicaltoursindia.com/treatments/cosmetic-plastic-surgery-india/hair-transplant-cost-india,"Hair Transplant"
Cost Comparison,Comparison,/cost-comparison/hair-transplant-cost-india,https://medicaltoursindia.com/cost-comparison/hair-transplant-cost-india,"Hair Transplant Cost Comparison"
Treatments,Procedure,/treatments/cosmetic-plastic-surgery-india/facelift-surgery-india,https://medicaltoursindia.com/treatments/cosmetic-plastic-surgery-india/facelift-surgery-india,"Facelift Surgery"
Cost Comparison,Comparison,/cost-comparison/facelift-surgery-india,https://medicaltoursindia.com/cost-comparison/facelift-surgery-india,"Facelift Surgery Cost Comparison"
Treatments,Procedure,/treatments/cosmetic-plastic-surgery-india/gynecomastia-surgery-india,https://medicaltoursindia.com/treatments/cosmetic-plastic-surgery-india/gynecomastia-surgery-india,"Gynecomastia Surgery"
Cost Comparison,Comparison,/cost-comparison/gynecomastia-surgery-india,https://medicaltoursindia.com/cost-comparison/gynecomastia-surgery-india,"Gynecomastia Surgery Cost Comparison"
Treatments,Procedure,/treatments/general-advanced-surgeries-india/bariatric-weight-loss-surgery-india,https://medicaltoursindia.com/treatments/general-advanced-surgeries-india/bariatric-weight-loss-surgery-india,"Bariatric / Weight Loss Surgery"
Cost Comparison,Comparison,/cost-comparison/bariatric-weight-loss-surgery-india,https://medicaltoursindia.com/cost-comparison/bariatric-weight-loss-surgery-india,"Bariatric / Weight Loss Surgery Cost Comparison"
Treatments,Procedure,/treatments/general-advanced-surgeries-india/gallbladder-removal-laparoscopic-india,https://medicaltoursindia.com/treatments/general-advanced-surgeries-india/gallbladder-removal-laparoscopic-india,"Gallbladder Removal (Laparoscopic)"
Cost Comparison,Comparison,/cost-comparison/gallbladder-removal-laparoscopic-india,https://medicaltoursindia.com/cost-comparison/gallbladder-removal-laparoscopic-india,"Gallbladder Removal (Laparoscopic) Cost Comparison"
Treatments,Procedure,/treatments/general-advanced-surgeries-india/kidney-transplant-india,https://medicaltoursindia.com/treatments/general-advanced-surgeries-india/kidney-transplant-india,"Kidney Transplant"
Cost Comparison,Comparison,/cost-comparison/kidney-transplant-india,https://medicaltoursindia.com/cost-comparison/kidney-transplant-india,"Kidney Transplant Cost Comparison"
Treatments,Procedure,/treatments/general-advanced-surgeries-india/liver-transplant-india,https://medicaltoursindia.com/treatments/general-advanced-surgeries-india/liver-transplant-india,"Liver Transplant"
Cost Comparison,Comparison,/cost-comparison/liver-transplant-india,https://medicaltoursindia.com/cost-comparison/liver-transplant-india,"Liver Transplant Cost Comparison"
Treatments,Procedure,/treatments/general-advanced-surgeries-india/hernia-repair-surgery-india,https://medicaltoursindia.com/treatments/general-advanced-surgeries-india/hernia-repair-surgery-india,"Hernia Repair Surgery"
Cost Comparison,Comparison,/cost-comparison/hernia-repair-surgery-india,https://medicaltoursindia.com/cost-comparison/hernia-repair-surgery-india,"Hernia Repair Surgery Cost Comparison"
Treatments,Procedure,/treatments/general-advanced-surgeries-india/appendix-surgery-india,https://medicaltoursindia.com/treatments/general-advanced-surgeries-india/appendix-surgery-india,"Appendix Surgery"
Cost Comparison,Comparison,/cost-comparison/appendix-surgery-india,https://medicaltoursindia.com/cost-comparison/appendix-surgery-india,"Appendix Surgery Cost Comparison"
Treatments,Procedure,/treatments/eye-care-ophthalmology-india/lasik-eye-surgery-cost-india,https://medicaltoursindia.com/treatments/eye-care-ophthalmology-india/lasik-eye-surgery-cost-india,"LASIK Eye Surgery"
Cost Comparison,Comparison,/cost-comparison/lasik-eye-surgery-cost-india,https://medicaltoursindia.com/cost-comparison/lasik-eye-surgery-cost-india,"LASIK Eye Surgery Cost Comparison"
Treatments,Procedure,/treatments/eye-care-ophthalmology-india/cataract-surgery-india,https://medicaltoursindia.com/treatments/eye-care-ophthalmology-india/cataract-surgery-india,"Cataract Surgery"
Cost Comparison,Comparison,/cost-comparison/cataract-surgery-india,https://medicaltoursindia.com/cost-comparison/cataract-surgery-india,"Cataract Surgery Cost Comparison"
Treatments,Procedure,/treatments/eye-care-ophthalmology-india/retina-surgery-india,https://medicaltoursindia.com/treatments/eye-care-ophthalmology-india/retina-surgery-india,"Retina Surgery"
Cost Comparison,Comparison,/cost-comparison/retina-surgery-india,https://medicaltoursindia.com/cost-comparison/retina-surgery-india,"Retina Surgery Cost Comparison"
Treatments,Procedure,/treatments/eye-care-ophthalmology-india/cornea-transplant-india,https://medicaltoursindia.com/treatments/eye-care-ophthalmology-india/cornea-transplant-india,"Cornea Transplant"
Cost Comparison,Comparison,/cost-comparison/cornea-transplant-india,https://medicaltoursindia.com/cost-comparison/cornea-transplant-india,"Cornea Transplant Cost Comparison"
Treatments,Procedure,/treatments/eye-care-ophthalmology-india/glaucoma-treatment-india,https://medicaltoursindia.com/treatments/eye-care-ophthalmology-india/glaucoma-treatment-india,"Glaucoma Treatment"
Cost Comparison,Comparison,/cost-comparison/glaucoma-treatment-india,https://medicaltoursindia.com/cost-comparison/glaucoma-treatment-india,"Glaucoma Treatment Cost Comparison"
Treatments,Procedure,/treatments/dental-treatments-india/dental-implants-cost-india,https://medicaltoursindia.com/treatments/dental-treatments-india/dental-implants-cost-india,"Dental Implants"
Cost Comparison,Comparison,/cost-comparison/dental-implants-cost-india,https://medicaltoursindia.com/cost-comparison/dental-implants-cost-india,"Dental Implants Cost Comparison"
Treatments,Procedure,/treatments/dental-treatments-india/full-mouth-rehabilitation-india,https://medicaltoursindia.com/treatments/dental-treatments-india/full-mouth-rehabilitation-india,"Full Mouth Rehabilitation"
Cost Comparison,Comparison,/cost-comparison/full-mouth-rehabilitation-india,https://medicaltoursindia.com/cost-comparison/full-mouth-rehabilitation-india,"Full Mouth Rehabilitation Cost Comparison"
Treatments,Procedure,/treatments/dental-treatments-india/root-canal-treatment-india,https://medicaltoursindia.com/treatments/dental-treatments-india/root-canal-treatment-india,"Root Canal Treatment"
Cost Comparison,Comparison,/cost-comparison/root-canal-treatment-india,https://medicaltoursindia.com/cost-comparison/root-canal-treatment-india,"Root Canal Treatment Cost Comparison"
Treatments,Procedure,/treatments/dental-treatments-india/smile-makeover-veneers-india,https://medicaltoursindia.com/treatments/dental-treatments-india/smile-makeover-veneers-india,"Smile Makeover / Veneers"
Cost Comparison,Comparison,/cost-comparison/smile-makeover-veneers-india,https://medicaltoursindia.com/cost-comparison/smile-makeover-veneers-india,"Smile Makeover / Veneers Cost Comparison"
Treatments,Procedure,/treatments/dental-treatments-india/orthodontic-treatment-india,https://medicaltoursindia.com/treatments/dental-treatments-india/orthodontic-treatment-india,"Orthodontic Treatment (Braces / Invisalign)"
Cost Comparison,Comparison,/cost-comparison/orthodontic-treatment-india,https://medicaltoursindia.com/cost-comparison/orthodontic-treatment-india,"Orthodontic Treatment (Braces / Invisalign) Cost Comparison"
Treatments,Procedure,/treatments/wellness-holistic-healing-india/ayurveda-panchakarma-packages-india,https://medicaltoursindia.com/treatments/wellness-holistic-healing-india/ayurveda-panchakarma-packages-india,"Ayurveda Panchakarma Packages"
Cost Comparison,Comparison,/cost-comparison/ayurveda-panchakarma-packages-india,https://medicaltoursindia.com/cost-comparison/ayurveda-panchakarma-packages-india,"Ayurveda Panchakarma Packages Cost Comparison"
Treatments,Procedure,/treatments/wellness-holistic-healing-india/yoga-wellness-retreats-india,https://medicaltoursindia.com/treatments/wellness-holistic-healing-india/yoga-wellness-retreats-india,"Yoga & Wellness Retreats"
Cost Comparison,Comparison,/cost-comparison/yoga-wellness-retreats-india,https://medicaltoursindia.com/cost-comparison/yoga-wellness-retreats-india,"Yoga & Wellness Retreats Cost Comparison"
Treatments,Procedure,/treatments/wellness-holistic-healing-india/post-surgery-rehab-recovery-india,https://medicaltoursindia.com/treatments/wellness-holistic-healing-india/post-surgery-rehab-recovery-india,"Post-Surgery Rehab & Recovery"
Cost Comparison,Comparison,/cost-comparison/post-surgery-rehab-recovery-india,https://medicaltoursindia.com/cost-comparison/post-surgery-rehab-recovery-india,"Post-Surgery Rehab & Recovery Cost Comparison"
Treatments,Procedure,/treatments/urology-treatments-india/prostate-surgery-turp-cost-india,https://medicaltoursindia.com/treatments/urology-treatments-india/prostate-surgery-turp-cost-india,"Prostate Surgery (TURP)"
Cost Comparison,Comparison,/cost-comparison/prostate-surgery-turp-cost-india,https://medicaltoursindia.com/cost-comparison/prostate-surgery-turp-cost-india,"Prostate Surgery (TURP) Cost Comparison"
Treatments,Procedure,/treatments/urology-treatments-india/robotic-prostatectomy-cost-india,https://medicaltoursindia.com/treatments/urology-treatments-india/robotic-prostatectomy-cost-india,"Robotic Prostatectomy"
Cost Comparison,Comparison,/cost-comparison/robotic-prostatectomy-cost-india,https://medicaltoursindia.com/cost-comparison/robotic-prostatectomy-cost-india,"Robotic Prostatectomy Cost Comparison"
Treatments,Procedure,/treatments/urology-treatments-india/kidney-stone-treatment-india,https://medicaltoursindia.com/treatments/urology-treatments-india/kidney-stone-treatment-india,"Kidney Stone Treatment"
Cost Comparison,Comparison,/cost-comparison/kidney-stone-treatment-india,https://medicaltoursindia.com/cost-comparison/kidney-stone-treatment-india,"Kidney Stone Treatment Cost Comparison"
Treatments,Procedure,/treatments/urology-treatments-india/varicocele-surgery-india,https://medicaltoursindia.com/treatments/urology-treatments-india/varicocele-surgery-india,"Varicocele Surgery"
Cost Comparison,Comparison,/cost-comparison/varicocele-surgery-india,https://medicaltoursindia.com/cost-comparison/varicocele-surgery-india,"Varicocele Surgery Cost Comparison"
Treatments,Procedure,/treatments/urology-treatments-india/urethral-stricture-surgery-india,https://medicaltoursindia.com/treatments/urology-treatments-india/urethral-stricture-surgery-india,"Urethral Stricture Surgery"
Cost Comparison,Comparison,/cost-comparison/urethral-stricture-surgery-india,https://medicaltoursindia.com/cost-comparison/urethral-stricture-surgery-india,"Urethral Stricture Surgery Cost Comparison"
Treatments,Procedure,/treatments/urology-treatments-india/bladder-cancer-surgery-india,https://medicaltoursindia.com/treatments/urology-treatments-india/bladder-cancer-surgery-india,"Bladder Cancer Surgery"
Cost Comparison,Comparison,/cost-comparison/bladder-cancer-surgery-india,https://medicaltoursindia.com/cost-comparison/bladder-cancer-surgery-india,"Bladder Cancer Surgery Cost Comparison"
Treatments,Procedure,/treatments/urology-treatments-india/male-sexual-health-treatment-india,https://medicaltoursindia.com/treatments/urology-treatments-india/male-sexual-health-treatment-india,"Male Sexual Health Treatment"
Cost Comparison,Comparison,/cost-comparison/male-sexual-health-treatment-india,https://medicaltoursindia.com/cost-comparison/male-sexual-health-treatment-india,"Male Sexual Health Treatment Cost Comparison"
Treatments,Procedure,/treatments/gynecology-womens-health-india/hysterectomy-cost-india,https://medicaltoursindia.com/treatments/gynecology-womens-health-india/hysterectomy-cost-india,"Hysterectomy"
Cost Comparison,Comparison,/cost-comparison/hysterectomy-cost-india,https://medicaltoursindia.com/cost-comparison/hysterectomy-cost-india,"Hysterectomy Cost Comparison"
Treatments,Procedure,/treatments/gynecology-womens-health-india/fibroid-removal-myomectomy-india,https://medicaltoursindia.com/treatments/gynecology-womens-health-india/fibroid-removal-myomectomy-india,"Fibroid Removal (Myomectomy)"
Cost Comparison,Comparison,/cost-comparison/fibroid-removal-myomectomy-india,https://medicaltoursindia.com/cost-comparison/fibroid-removal-myomectomy-india,"Fibroid Removal (Myomectomy) Cost Comparison"
Treatments,Procedure,/treatments/gynecology-womens-health-india/endometriosis-treatment-india,https://medicaltoursindia.com/treatments/gynecology-womens-health-india/endometriosis-treatment-india,"Endometriosis Treatment"
Cost Comparison,Comparison,/cost-comparison/endometriosis-treatment-india,https://medicaltoursindia.com/cost-comparison/endometriosis-treatment-india,"Endometriosis Treatment Cost Comparison"
Treatments,Procedure,/treatments/gynecology-womens-health-india/ovarian-cyst-removal-india,https://medicaltoursindia.com/treatments/gynecology-womens-health-india/ovarian-cyst-removal-india,"Ovarian Cyst Removal"
Cost Comparison,Comparison,/cost-comparison/ovarian-cyst-removal-india,https://medicaltoursindia.com/cost-comparison/ovarian-cyst-removal-india,"Ovarian Cyst Removal Cost Comparison"
Treatments,Procedure,/treatments/gynecology-womens-health-india/laparoscopic-gynecology-surgery-india,https://medicaltoursindia.com/treatments/gynecology-womens-health-india/laparoscopic-gynecology-surgery-india,"Laparoscopic Gynecology Surgery"
Cost Comparison,Comparison,/cost-comparison/laparoscopic-gynecology-surgery-india,https://medicaltoursindia.com/cost-comparison/laparoscopic-gynecology-surgery-india,"Laparoscopic Gynecology Surgery Cost Comparison"
Treatments,Procedure,/treatments/gynecology-womens-health-india/cervical-cancer-treatment-india,https://medicaltoursindia.com/treatments/gynecology-womens-health-india/cervical-cancer-treatment-india,"Cervical Cancer Treatment"
Cost Comparison,Comparison,/cost-comparison/cervical-cancer-treatment-india,https://medicaltoursindia.com/cost-comparison/cervical-cancer-treatment-india,"Cervical Cancer Treatment Cost Comparison"
Treatments,Procedure,/treatments/gynecology-womens-health-india/pcos-treatment-india,https://medicaltoursindia.com/treatments/gynecology-womens-health-india/pcos-treatment-india,"PCOS Treatment"
Cost Comparison,Comparison,/cost-comparison/pcos-treatment-india,https://medicaltoursindia.com/cost-comparison/pcos-treatment-india,"PCOS Treatment Cost Comparison"
Treatments,Procedure,/treatments/gynecology-womens-health-india/high-risk-pregnancy-care-india,https://medicaltoursindia.com/treatments/gynecology-womens-health-india/high-risk-pregnancy-care-india,"High-Risk Pregnancy Care"
Cost Comparison,Comparison,/cost-comparison/high-risk-pregnancy-care-india,https://medicaltoursindia.com/cost-comparison/high-risk-pregnancy-care-india,"High-Risk Pregnancy Care Cost Comparison"
Treatments,Procedure,/treatments/ent-treatments-india/cochlear-implant-cost-india,https://medicaltoursindia.com/treatments/ent-treatments-india/cochlear-implant-cost-india,"Cochlear Implant"
Cost Comparison,Comparison,/cost-comparison/cochlear-implant-cost-india,https://medicaltoursindia.com/cost-comparison/cochlear-implant-cost-india,"Cochlear Implant Cost Comparison"
Treatments,Procedure,/treatments/ent-treatments-india/sinus-surgery-fess-india,https://medicaltoursindia.com/treatments/ent-treatments-india/sinus-surgery-fess-india,"Sinus Surgery (FESS)"
Cost Comparison,Comparison,/cost-comparison/sinus-surgery-fess-india,https://medicaltoursindia.com/cost-comparison/sinus-surgery-fess-india,"Sinus Surgery (FESS) Cost Comparison"
Treatments,Procedure,/treatments/ent-treatments-india/septoplasty-cost-india,https://medicaltoursindia.com/treatments/ent-treatments-india/septoplasty-cost-india,"Septoplasty"
Cost Comparison,Comparison,/cost-comparison/septoplasty-cost-india,https://medicaltoursindia.com/cost-comparison/septoplasty-cost-india,"Septoplasty Cost Comparison"
Treatments,Procedure,/treatments/ent-treatments-india/tonsillectomy-cost-india,https://medicaltoursindia.com/treatments/ent-treatments-india/tonsillectomy-cost-india,"Tonsillectomy"
Cost Comparison,Comparison,/cost-comparison/tonsillectomy-cost-india,https://medicaltoursindia.com/cost-comparison/tonsillectomy-cost-india,"Tonsillectomy Cost Comparison"
Treatments,Procedure,/treatments/ent-treatments-india/thyroidectomy-cost-india,https://medicaltoursindia.com/treatments/ent-treatments-india/thyroidectomy-cost-india,"Thyroidectomy"
Cost Comparison,Comparison,/cost-comparison/thyroidectomy-cost-india,https://medicaltoursindia.com/cost-comparison/thyroidectomy-cost-india,"Thyroidectomy Cost Comparison"
Treatments,Procedure,/treatments/ent-treatments-india/hearing-loss-treatment-india,https://medicaltoursindia.com/treatments/ent-treatments-india/hearing-loss-treatment-india,"Hearing Loss Treatment"
Cost Comparison,Comparison,/cost-comparison/hearing-loss-treatment-india,https://medicaltoursindia.com/cost-comparison/hearing-loss-treatment-india,"Hearing Loss Treatment Cost Comparison"
Treatments,Procedure,/treatments/gastroenterology-india/gi-endoscopy-colonoscopy-india,https://medicaltoursindia.com/treatments/gastroenterology-india/gi-endoscopy-colonoscopy-india,"GI Endoscopy & Colonoscopy"
Cost Comparison,Comparison,/cost-comparison/gi-endoscopy-colonoscopy-india,https://medicaltoursindia.com/cost-comparison/gi-endoscopy-colonoscopy-india,"GI Endoscopy & Colonoscopy Cost Comparison"
Treatments,Procedure,/treatments/gastroenterology-india/ercp-treatment-india,https://medicaltoursindia.com/treatments/gastroenterology-india/ercp-treatment-india,"ERCP Treatment"
Cost Comparison,Comparison,/cost-comparison/ercp-treatment-india,https://medicaltoursindia.com/cost-comparison/ercp-treatment-india,"ERCP Treatment Cost Comparison"
Treatments,Procedure,/treatments/gastroenterology-india/liver-disease-treatment-india,https://medicaltoursindia.com/treatments/gastroenterology-india/liver-disease-treatment-india,"Liver Disease Treatment"
Cost Comparison,Comparison,/cost-comparison/liver-disease-treatment-india,https://medicaltoursindia.com/cost-comparison/liver-disease-treatment-india,"Liver Disease Treatment Cost Comparison"
Treatments,Procedure,/treatments/gastroenterology-india/ibd-treatment-india,https://medicaltoursindia.com/treatments/gastroenterology-india/ibd-treatment-india,"IBD Treatment (Crohn's / Ulcerative Colitis)"
Cost Comparison,Comparison,/cost-comparison/ibd-treatment-india,https://medicaltoursindia.com/cost-comparison/ibd-treatment-india,"IBD Treatment (Crohn's / Ulcerative Colitis) Cost Comparison"
Treatments,Procedure,/treatments/gastroenterology-india/pancreatitis-treatment-india,https://medicaltoursindia.com/treatments/gastroenterology-india/pancreatitis-treatment-india,"Pancreatitis Treatment"
Cost Comparison,Comparison,/cost-comparison/pancreatitis-treatment-india,https://medicaltoursindia.com/cost-comparison/pancreatitis-treatment-india,"Pancreatitis Treatment Cost Comparison"
Treatments,Procedure,/treatments/endocrinology-diabetes-india/thyroid-treatment-india,https://medicaltoursindia.com/treatments/endocrinology-diabetes-india/thyroid-treatment-india,"Thyroid Treatment"
Cost Comparison,Comparison,/cost-comparison/thyroid-treatment-india,https://medicaltoursindia.com/cost-comparison/thyroid-treatment-india,"Thyroid Treatment Cost Comparison"
Treatments,Procedure,/treatments/endocrinology-diabetes-india/diabetes-treatment-package-india,https://medicaltoursindia.com/treatments/endocrinology-diabetes-india/diabetes-treatment-package-india,"Diabetes Treatment Package"
Cost Comparison,Comparison,/cost-comparison/diabetes-treatment-package-india,https://medicaltoursindia.com/cost-comparison/diabetes-treatment-package-india,"Diabetes Treatment Package Cost Comparison"
Treatments,Procedure,/treatments/endocrinology-diabetes-india/diabetic-foot-treatment-india,https://medicaltoursindia.com/treatments/endocrinology-diabetes-india/diabetic-foot-treatment-india,"Diabetic Foot Treatment"
Cost Comparison,Comparison,/cost-comparison/diabetic-foot-treatment-india,https://medicaltoursindia.com/cost-comparison/diabetic-foot-treatment-india,"Diabetic Foot Treatment Cost Comparison"
Treatments,Procedure,/treatments/endocrinology-diabetes-india/pituitary-tumor-treatment-india,https://medicaltoursindia.com/treatments/endocrinology-diabetes-india/pituitary-tumor-treatment-india,"Pituitary Tumor Treatment"
Cost Comparison,Comparison,/cost-comparison/pituitary-tumor-treatment-india,https://medicaltoursindia.com/cost-comparison/pituitary-tumor-treatment-india,"Pituitary Tumor Treatment Cost Comparison"
Treatments,Procedure,/treatments/vascular-surgery-india/varicose-vein-treatment-india,https://medicaltoursindia.com/treatments/vascular-surgery-india/varicose-vein-treatment-india,"Varicose Vein Treatment"
Cost Comparison,Comparison,/cost-comparison/varicose-vein-treatment-india,https://medicaltoursindia.com/cost-comparison/varicose-vein-treatment-india,"Varicose Vein Treatment Cost Comparison"
Treatments,Procedure,/treatments/vascular-surgery-india/peripheral-angioplasty-india,https://medicaltoursindia.com/treatments/vascular-surgery-india/peripheral-angioplasty-india,"Peripheral Angioplasty"
Cost Comparison,Comparison,/cost-comparison/peripheral-angioplasty-india,https://medicaltoursindia.com/cost-comparison/peripheral-angioplasty-india,"Peripheral Angioplasty Cost Comparison"
Treatments,Procedure,/treatments/vascular-surgery-india/aortic-aneurysm-surgery-india,https://medicaltoursindia.com/treatments/vascular-surgery-india/aortic-aneurysm-surgery-india,"Aortic Aneurysm Surgery"
Cost Comparison,Comparison,/cost-comparison/aortic-aneurysm-surgery-india,https://medicaltoursindia.com/cost-comparison/aortic-aneurysm-surgery-india,"Aortic Aneurysm Surgery Cost Comparison"
Treatments,Procedure,/treatments/vascular-surgery-india/av-fistula-dialysis-access-india,https://medicaltoursindia.com/treatments/vascular-surgery-india/av-fistula-dialysis-access-india,"AV Fistula / Dialysis Access Surgery"
Cost Comparison,Comparison,/cost-comparison/av-fistula-dialysis-access-india,https://medicaltoursindia.com/cost-comparison/av-fistula-dialysis-access-india,"AV Fistula / Dialysis Access Surgery Cost Comparison"
Treatments,Procedure,/treatments/dermatology-skin-care-india/skin-cancer-surgery-india,https://medicaltoursindia.com/treatments/dermatology-skin-care-india/skin-cancer-surgery-india,"Skin Cancer Surgery"
Cost Comparison,Comparison,/cost-comparison/skin-cancer-surgery-india,https://medicaltoursindia.com/cost-comparison/skin-cancer-surgery-india,"Skin Cancer Surgery Cost Comparison"
Treatments,Procedure,/treatments/dermatology-skin-care-india/vitiligo-treatment-india,https://medicaltoursindia.com/treatments/dermatology-skin-care-india/vitiligo-treatment-india,"Vitiligo Treatment"
Cost Comparison,Comparison,/cost-comparison/vitiligo-treatment-india,https://medicaltoursindia.com/cost-comparison/vitiligo-treatment-india,"Vitiligo Treatment Cost Comparison"
Treatments,Procedure,/treatments/dermatology-skin-care-india/psoriasis-treatment-india,https://medicaltoursindia.com/treatments/dermatology-skin-care-india/psoriasis-treatment-india,"Psoriasis Treatment"
Cost Comparison,Comparison,/cost-comparison/psoriasis-treatment-india,https://medicaltoursindia.com/cost-comparison/psoriasis-treatment-india,"Psoriasis Treatment Cost Comparison"
Treatments,Procedure,/treatments/pediatric-treatments-india/pediatric-surgery-india,https://medicaltoursindia.com/treatments/pediatric-treatments-india/pediatric-surgery-india,"Pediatric Surgery"
Cost Comparison,Comparison,/cost-comparison/pediatric-surgery-india,https://medicaltoursindia.com/cost-comparison/pediatric-surgery-india,"Pediatric Surgery Cost Comparison"
Treatments,Procedure,/treatments/pediatric-treatments-india/pediatric-cancer-treatment-india,https://medicaltoursindia.com/treatments/pediatric-treatments-india/pediatric-cancer-treatment-india,"Pediatric Cancer Treatment"
Cost Comparison,Comparison,/cost-comparison/pediatric-cancer-treatment-india,https://medicaltoursindia.com/cost-comparison/pediatric-cancer-treatment-india,"Pediatric Cancer Treatment Cost Comparison"
Treatments,Procedure,/treatments/pediatric-treatments-india/pediatric-orthopedic-surgery-india,https://medicaltoursindia.com/treatments/pediatric-treatments-india/pediatric-orthopedic-surgery-india,"Pediatric Orthopedic Surgery"
Cost Comparison,Comparison,/cost-comparison/pediatric-orthopedic-surgery-india,https://medicaltoursindia.com/cost-comparison/pediatric-orthopedic-surgery-india,"Pediatric Orthopedic Surgery Cost Comparison"
Treatments,Procedure,/treatments/pulmonology-lung-care-india/lung-surgery-cost-india,https://medicaltoursindia.com/treatments/pulmonology-lung-care-india/lung-surgery-cost-india,"Lung Surgery"
Cost Comparison,Comparison,/cost-comparison/lung-surgery-cost-india,https://medicaltoursindia.com/cost-comparison/lung-surgery-cost-india,"Lung Surgery Cost Comparison"
Treatments,Procedure,/treatments/pulmonology-lung-care-india/lung-cancer-treatment-india,https://medicaltoursindia.com/treatments/pulmonology-lung-care-india/lung-cancer-treatment-india,"Lung Cancer Treatment"
Cost Comparison,Comparison,/cost-comparison/lung-cancer-treatment-india,https://medicaltoursindia.com/cost-comparison/lung-cancer-treatment-india,"Lung Cancer Treatment Cost Comparison"
Treatments,Procedure,/treatments/pulmonology-lung-care-india/bronchoscopy-cost-india,https://medicaltoursindia.com/treatments/pulmonology-lung-care-india/bronchoscopy-cost-india,"Bronchoscopy"
Cost Comparison,Comparison,/cost-comparison/bronchoscopy-cost-india,https://medicaltoursindia.com/cost-comparison/bronchoscopy-cost-india,"Bronchoscopy Cost Comparison"
Treatments,Procedure,/treatments/pulmonology-lung-care-india/copd-asthma-treatment-india,https://medicaltoursindia.com/treatments/pulmonology-lung-care-india/copd-asthma-treatment-india,"COPD & Asthma Treatment"
Cost Comparison,Comparison,/cost-comparison/copd-asthma-treatment-india,https://medicaltoursindia.com/cost-comparison/copd-asthma-treatment-india,"COPD & Asthma Treatment Cost Comparison"
Treatments,Procedure,/treatments/cosmetic-plastic-surgery-india/blepharoplasty-eyelid-surgery-india,https://medicaltoursindia.com/treatments/cosmetic-plastic-surgery-india/blepharoplasty-eyelid-surgery-india,"Blepharoplasty (Eyelid Surgery)"
Cost Comparison,Comparison,/cost-comparison/blepharoplasty-eyelid-surgery-india,https://medicaltoursindia.com/cost-comparison/blepharoplasty-eyelid-surgery-india,"Blepharoplasty (Eyelid Surgery) Cost Comparison"
Treatments,Procedure,/treatments/cosmetic-plastic-surgery-india/mommy-makeover-india,https://medicaltoursindia.com/treatments/cosmetic-plastic-surgery-india/mommy-makeover-india,"Mommy Makeover"
Cost Comparison,Comparison,/cost-comparison/mommy-makeover-india,https://medicaltoursindia.com/cost-comparison/mommy-makeover-india,"Mommy Makeover Cost Comparison"
Treatments,Procedure,/treatments/cosmetic-plastic-surgery-india/brazilian-butt-lift-bbl-india,https://medicaltoursindia.com/treatments/cosmetic-plastic-surgery-india/brazilian-butt-lift-bbl-india,"Brazilian Butt Lift (BBL)"
Cost Comparison,Comparison,/cost-comparison/brazilian-butt-lift-bbl-india,https://medicaltoursindia.com/cost-comparison/brazilian-butt-lift-bbl-india,"Brazilian Butt Lift (BBL) Cost Comparison"
Treatments,Procedure,/treatments/cosmetic-plastic-surgery-india/chin-augmentation-genioplasty-india,https://medicaltoursindia.com/treatments/cosmetic-plastic-surgery-india/chin-augmentation-genioplasty-india,"Chin Augmentation (Genioplasty)"
Cost Comparison,Comparison,/cost-comparison/chin-augmentation-genioplasty-india,https://medicaltoursindia.com/cost-comparison/chin-augmentation-genioplasty-india,"Chin Augmentation (Genioplasty) Cost Comparison"
Treatments,Procedure,/treatments/cosmetic-plastic-surgery-india/brow-lift-forehead-lift-india,https://medicaltoursindia.com/treatments/cosmetic-plastic-surgery-india/brow-lift-forehead-lift-india,"Brow Lift (Forehead Lift)"
Cost Comparison,Comparison,/cost-comparison/brow-lift-forehead-lift-india,https://medicaltoursindia.com/cost-comparison/brow-lift-forehead-lift-india,"Brow Lift (Forehead Lift) Cost Comparison"
Treatments,Procedure,/treatments/cosmetic-plastic-surgery-india/ear-reshaping-otoplasty-india,https://medicaltoursindia.com/treatments/cosmetic-plastic-surgery-india/ear-reshaping-otoplasty-india,"Ear Reshaping (Otoplasty)"
Cost Comparison,Comparison,/cost-comparison/ear-reshaping-otoplasty-india,https://medicaltoursindia.com/cost-comparison/ear-reshaping-otoplasty-india,"Ear Reshaping (Otoplasty) Cost Comparison"
Treatments,Procedure,/treatments/cosmetic-plastic-surgery-india/breast-lift-mastopexy-india,https://medicaltoursindia.com/treatments/cosmetic-plastic-surgery-india/breast-lift-mastopexy-india,"Breast Lift (Mastopexy)"
Cost Comparison,Comparison,/cost-comparison/breast-lift-mastopexy-india,https://medicaltoursindia.com/cost-comparison/breast-lift-mastopexy-india,"Breast Lift (Mastopexy) Cost Comparison"
Treatments,Procedure,/treatments/cosmetic-plastic-surgery-india/body-contouring-after-weight-loss-india,https://medicaltoursindia.com/treatments/cosmetic-plastic-surgery-india/body-contouring-after-weight-loss-india,"Body Contouring After Weight Loss"
Cost Comparison,Comparison,/cost-comparison/body-contouring-after-weight-loss-india,https://medicaltoursindia.com/cost-comparison/body-contouring-after-weight-loss-india,"Body Contouring After Weight Loss Cost Comparison"
Treatments,Procedure,/treatments/cosmetic-plastic-surgery-india/fat-grafting-transfer-india,https://medicaltoursindia.com/treatments/cosmetic-plastic-surgery-india/fat-grafting-transfer-india,"Fat Grafting / Fat Transfer"
Cost Comparison,Comparison,/cost-comparison/fat-grafting-transfer-india,https://medicaltoursindia.com/cost-comparison/fat-grafting-transfer-india,"Fat Grafting / Fat Transfer Cost Comparison"
Treatments,Procedure,/treatments/cosmetic-plastic-surgery-india/scar-revision-surgery-india,https://medicaltoursindia.com/treatments/cosmetic-plastic-surgery-india/scar-revision-surgery-india,"Scar Revision Surgery"
Cost Comparison,Comparison,/cost-comparison/scar-revision-surgery-india,https://medicaltoursindia.com/cost-comparison/scar-revision-surgery-india,"Scar Revision Surgery Cost Comparison"
Treatments,Procedure,/treatments/dermatology-skin-care-india/acne-scar-treatment-india,https://medicaltoursindia.com/treatments/dermatology-skin-care-india/acne-scar-treatment-india,"Acne Scar Treatment"
Cost Comparison,Comparison,/cost-comparison/acne-scar-treatment-india,https://medicaltoursindia.com/cost-comparison/acne-scar-treatment-india,"Acne Scar Treatment Cost Comparison"
Treatments,Procedure,/treatments/dermatology-skin-care-india/laser-skin-resurfacing-india,https://medicaltoursindia.com/treatments/dermatology-skin-care-india/laser-skin-resurfacing-india,"Laser Skin Resurfacing"
Cost Comparison,Comparison,/cost-comparison/laser-skin-resurfacing-india,https://medicaltoursindia.com/cost-comparison/laser-skin-resurfacing-india,"Laser Skin Resurfacing Cost Comparison"
Treatments,Procedure,/treatments/dermatology-skin-care-india/mole-skin-lesion-removal-india,https://medicaltoursindia.com/treatments/dermatology-skin-care-india/mole-skin-lesion-removal-india,"Mole & Skin Lesion Removal"
Cost Comparison,Comparison,/cost-comparison/mole-skin-lesion-removal-india,https://medicaltoursindia.com/cost-comparison/mole-skin-lesion-removal-india,"Mole & Skin Lesion Removal Cost Comparison"
Treatments,Procedure,/treatments/dermatology-skin-care-india/eczema-atopic-dermatitis-treatment-india,https://medicaltoursindia.com/treatments/dermatology-skin-care-india/eczema-atopic-dermatitis-treatment-india,"Eczema / Atopic Dermatitis Treatment"
Cost Comparison,Comparison,/cost-comparison/eczema-atopic-dermatitis-treatment-india,https://medicaltoursindia.com/cost-comparison/eczema-atopic-dermatitis-treatment-india,"Eczema / Atopic Dermatitis Treatment Cost Comparison"
Treatments,Procedure,/treatments/dermatology-skin-care-india/chemical-peel-india,https://medicaltoursindia.com/treatments/dermatology-skin-care-india/chemical-peel-india,"Chemical Peel"
Cost Comparison,Comparison,/cost-comparison/chemical-peel-india,https://medicaltoursindia.com/cost-comparison/chemical-peel-india,"Chemical Peel Cost Comparison"
Treatments,Procedure,/treatments/dermatology-skin-care-india/hair-loss-treatment-prp-india,https://medicaltoursindia.com/treatments/dermatology-skin-care-india/hair-loss-treatment-prp-india,"Hair Loss Treatment (PRP / Medical)"
Cost Comparison,Comparison,/cost-comparison/hair-loss-treatment-prp-india,https://medicaltoursindia.com/cost-comparison/hair-loss-treatment-prp-india,"Hair Loss Treatment (PRP / Medical) Cost Comparison"
Treatments,Procedure,/treatments/dermatology-skin-care-india/keloid-scar-treatment-india,https://medicaltoursindia.com/treatments/dermatology-skin-care-india/keloid-scar-treatment-india,"Keloid Scar Treatment"
Cost Comparison,Comparison,/cost-comparison/keloid-scar-treatment-india,https://medicaltoursindia.com/cost-comparison/keloid-scar-treatment-india,"Keloid Scar Treatment Cost Comparison"
Treatments,Procedure,/treatments/dermatology-skin-care-india/hyperpigmentation-melasma-treatment-india,https://medicaltoursindia.com/treatments/dermatology-skin-care-india/hyperpigmentation-melasma-treatment-india,"Hyperpigmentation & Melasma Treatment"
Cost Comparison,Comparison,/cost-comparison/hyperpigmentation-melasma-treatment-india,https://medicaltoursindia.com/cost-comparison/hyperpigmentation-melasma-treatment-india,"Hyperpigmentation & Melasma Treatment Cost Comparison"
Treatments,Procedure,/treatments/dermatology-skin-care-india/burn-scar-reconstruction-india,https://medicaltoursindia.com/treatments/dermatology-skin-care-india/burn-scar-reconstruction-india,"Burn Scar Reconstruction"
Cost Comparison,Comparison,/cost-comparison/burn-scar-reconstruction-india,https://medicaltoursindia.com/cost-comparison/burn-scar-reconstruction-india,"Burn Scar Reconstruction Cost Comparison"
Treatments,Procedure,/treatments/hematology-bone-marrow-india/leukemia-treatment-india,https://medicaltoursindia.com/treatments/hematology-bone-marrow-india/leukemia-treatment-india,"Leukemia Treatment"
Cost Comparison,Comparison,/cost-comparison/leukemia-treatment-india,https://medicaltoursindia.com/cost-comparison/leukemia-treatment-india,"Leukemia Treatment Cost Comparison"
Treatments,Procedure,/treatments/hematology-bone-marrow-india/lymphoma-treatment-india,https://medicaltoursindia.com/treatments/hematology-bone-marrow-india/lymphoma-treatment-india,"Lymphoma Treatment"
Cost Comparison,Comparison,/cost-comparison/lymphoma-treatment-india,https://medicaltoursindia.com/cost-comparison/lymphoma-treatment-india,"Lymphoma Treatment Cost Comparison"
Treatments,Procedure,/treatments/hematology-bone-marrow-india/thalassemia-treatment-india,https://medicaltoursindia.com/treatments/hematology-bone-marrow-india/thalassemia-treatment-india,"Thalassemia Treatment"
Cost Comparison,Comparison,/cost-comparison/thalassemia-treatment-india,https://medicaltoursindia.com/cost-comparison/thalassemia-treatment-india,"Thalassemia Treatment Cost Comparison"
Treatments,Procedure,/treatments/hematology-bone-marrow-india/sickle-cell-treatment-india,https://medicaltoursindia.com/treatments/hematology-bone-marrow-india/sickle-cell-treatment-india,"Sickle Cell Disease Treatment"
Cost Comparison,Comparison,/cost-comparison/sickle-cell-treatment-india,https://medicaltoursindia.com/cost-comparison/sickle-cell-treatment-india,"Sickle Cell Disease Treatment Cost Comparison"
Treatments,Procedure,/treatments/hematology-bone-marrow-india/aplastic-anemia-treatment-india,https://medicaltoursindia.com/treatments/hematology-bone-marrow-india/aplastic-anemia-treatment-india,"Aplastic Anemia Treatment"
Cost Comparison,Comparison,/cost-comparison/aplastic-anemia-treatment-india,https://medicaltoursindia.com/cost-comparison/aplastic-anemia-treatment-india,"Aplastic Anemia Treatment Cost Comparison"
Treatments,Procedure,/treatments/hematology-bone-marrow-india/multiple-myeloma-treatment-india,https://medicaltoursindia.com/treatments/hematology-bone-marrow-india/multiple-myeloma-treatment-india,"Multiple Myeloma Treatment"
Cost Comparison,Comparison,/cost-comparison/multiple-myeloma-treatment-india,https://medicaltoursindia.com/cost-comparison/multiple-myeloma-treatment-india,"Multiple Myeloma Treatment Cost Comparison"
Treatments,Procedure,/treatments/hematology-bone-marrow-india/car-t-cell-therapy-india,https://medicaltoursindia.com/treatments/hematology-bone-marrow-india/car-t-cell-therapy-india,"CAR-T Cell Therapy"
Cost Comparison,Comparison,/cost-comparison/car-t-cell-therapy-india,https://medicaltoursindia.com/cost-comparison/car-t-cell-therapy-india,"CAR-T Cell Therapy Cost Comparison"
Treatments,Procedure,/treatments/hematology-bone-marrow-india/autologous-stem-cell-transplant-india,https://medicaltoursindia.com/treatments/hematology-bone-marrow-india/autologous-stem-cell-transplant-india,"Autologous Stem Cell Transplant"
Cost Comparison,Comparison,/cost-comparison/autologous-stem-cell-transplant-india,https://medicaltoursindia.com/cost-comparison/autologous-stem-cell-transplant-india,"Autologous Stem Cell Transplant Cost Comparison"
Treatments,Procedure,/treatments/hematology-bone-marrow-india/allogeneic-stem-cell-transplant-india,https://medicaltoursindia.com/treatments/hematology-bone-marrow-india/allogeneic-stem-cell-transplant-india,"Allogeneic Stem Cell Transplant"
Cost Comparison,Comparison,/cost-comparison/allogeneic-stem-cell-transplant-india,https://medicaltoursindia.com/cost-comparison/allogeneic-stem-cell-transplant-india,"Allogeneic Stem Cell Transplant Cost Comparison"
Cost (Legacy),Cost Page,/cost/bariatric-surgery-india,https://medicaltoursindia.com/cost/bariatric-surgery-india,"Bariatric Surgery India"
Cost (Legacy),Cost Page,/cost/bone-marrow-transplant-india,https://medicaltoursindia.com/cost/bone-marrow-transplant-india,"Bone Marrow Transplant India"
Cost (Legacy),Cost Page,/cost/cancer-treatment-india,https://medicaltoursindia.com/cost/cancer-treatment-india,"Cancer Treatment India"
Cost (Legacy),Cost Page,/cost/cochlear-implant-india,https://medicaltoursindia.com/cost/cochlear-implant-india,"Cochlear Implant India"
Cost (Legacy),Cost Page,/cost/cosmetic-surgery-india,https://medicaltoursindia.com/cost/cosmetic-surgery-india,"Cosmetic Surgery India"
Cost (Legacy),Cost Page,/cost/dental-implants-india,https://medicaltoursindia.com/cost/dental-implants-india,"Dental Implants India"
Cost (Legacy),Cost Page,/cost/eye-surgery-india,https://medicaltoursindia.com/cost/eye-surgery-india,"Eye Surgery India"
Cost (Legacy),Cost Page,/cost/hair-transplant-india,https://medicaltoursindia.com/cost/hair-transplant-india,"Hair Transplant India"
Cost (Legacy),Cost Page,/cost/heart-surgery-india,https://medicaltoursindia.com/cost/heart-surgery-india,"Heart Surgery India"
Cost (Legacy),Cost Page,/cost/hip-replacement-india,https://medicaltoursindia.com/cost/hip-replacement-india,"Hip Replacement India"
Cost (Legacy),Cost Page,/cost/ivf-treatment-india,https://medicaltoursindia.com/cost/ivf-treatment-india,"Ivf Treatment India"
Cost (Legacy),Cost Page,/cost/kidney-transplant-india,https://medicaltoursindia.com/cost/kidney-transplant-india,"Kidney Transplant India"
Cost (Legacy),Cost Page,/cost/knee-replacement-india,https://medicaltoursindia.com/cost/knee-replacement-india,"Knee Replacement India"
Cost (Legacy),Cost Page,/cost/liver-transplant-india,https://medicaltoursindia.com/cost/liver-transplant-india,"Liver Transplant India"
Cost (Legacy),Cost Page,/cost/neurosurgery-india,https://medicaltoursindia.com/cost/neurosurgery-india,"Neurosurgery India"
Cost (Legacy),Cost Page,/cost/organ-transplant-india,https://medicaltoursindia.com/cost/organ-transplant-india,"Organ Transplant India"
Cost (Legacy),Cost Page,/cost/spine-surgery-india,https://medicaltoursindia.com/cost/spine-surgery-india,"Spine Surgery India"
Hospitals,City Hub,/hospitals/hyderabad,https://medicaltoursindia.com/hospitals/hyderabad,"Hospitals in Hyderabad"
Hospitals,City Hub,/hospitals/delhi,https://medicaltoursindia.com/hospitals/delhi,"Hospitals in Delhi"
Hospitals,City Hub,/hospitals/mumbai,https://medicaltoursindia.com/hospitals/mumbai,"Hospitals in Mumbai"
Hospitals,City Hub,/hospitals/chennai,https://medicaltoursindia.com/hospitals/chennai,"Hospitals in Chennai"
Hospitals,City Hub,/hospitals/bangalore,https://medicaltoursindia.com/hospitals/bangalore,"Hospitals in Bangalore"
Hospital Network,Hospital Profile,/hospital-network/apollo-hospitals-hyderabad,https://medicaltoursindia.com/hospital-network/apollo-hospitals-hyderabad,"Apollo Hospitals Hyderabad"
Hospital Network,Hospital Profile,/hospital-network/yashoda-hospitals-hyderabad,https://medicaltoursindia.com/hospital-network/yashoda-hospitals-hyderabad,"Yashoda Hospitals Hyderabad"
Hospital Network,Hospital Profile,/hospital-network/medanta-gurugram,https://medicaltoursindia.com/hospital-network/medanta-gurugram,"Medanta – The Medicity"
Hospital Network,Hospital Profile,/hospital-network/fortis-hospital-delhi,https://medicaltoursindia.com/hospital-network/fortis-hospital-delhi,"Fortis Hospital Delhi"
Hospital Network,Hospital Profile,/hospital-network/max-healthcare-delhi,https://medicaltoursindia.com/hospital-network/max-healthcare-delhi,"Max Healthcare Delhi"
Hospital Network,Hospital Profile,/hospital-network/kokilaben-hospital-mumbai,https://medicaltoursindia.com/hospital-network/kokilaben-hospital-mumbai,"Kokilaben Dhirubhai Ambani Hospital"
Hospital Network,Hospital Profile,/hospital-network/apollo-hospitals-chennai,https://medicaltoursindia.com/hospital-network/apollo-hospitals-chennai,"Apollo Hospitals Chennai"
Hospital Network,Hospital Profile,/hospital-network/manipal-hospital-bangalore,https://medicaltoursindia.com/hospital-network/manipal-hospital-bangalore,"Manipal Hospital Bangalore"
Hospital Network,City Guide,/hospital-network/bangalore,https://medicaltoursindia.com/hospital-network/bangalore,"Bangalore Hospital Network"
Hospital Network,City Guide,/hospital-network/chennai,https://medicaltoursindia.com/hospital-network/chennai,"Chennai Hospital Network"
Hospital Network,City Guide,/hospital-network/delhi,https://medicaltoursindia.com/hospital-network/delhi,"Delhi Hospital Network"
Hospital Network,City Guide,/hospital-network/hyderabad,https://medicaltoursindia.com/hospital-network/hyderabad,"Hyderabad Hospital Network"
Hospital Network,City Guide,/hospital-network/mumbai,https://medicaltoursindia.com/hospital-network/mumbai,"Mumbai Hospital Network"
Doctors,Specialty,/doctors/cardiology,https://medicaltoursindia.com/doctors/cardiology,"Cardiology"
Doctors,Specialty,/doctors/orthopedics,https://medicaltoursindia.com/doctors/orthopedics,"Orthopedics"
Doctors,Specialty,/doctors/oncology,https://medicaltoursindia.com/doctors/oncology,"Oncology"
Doctors,Specialty,/doctors/fertility,https://medicaltoursindia.com/doctors/fertility,"Fertility"
Doctors,Specialty,/doctors/neurosurgery,https://medicaltoursindia.com/doctors/neurosurgery,"Neurosurgery"
Doctors,Specialty,/doctors/transplant,https://medicaltoursindia.com/doctors/transplant,"Transplant"
Doctors,Specialty,/doctors/urology,https://medicaltoursindia.com/doctors/urology,"Urology"
Doctors,Specialty,/doctors/gynecology,https://medicaltoursindia.com/doctors/gynecology,"Gynecology"
Doctors,Specialty,/doctors/ent,https://medicaltoursindia.com/doctors/ent,"Ent"
Doctors,Specialty,/doctors/gastroenterology,https://medicaltoursindia.com/doctors/gastroenterology,"Gastroenterology"
Countries,Country Page,/countries/medical-tourism-india-for-afghan-patients,https://medicaltoursindia.com/countries/medical-tourism-india-for-afghan-patients,"afghan patients"
Countries,Country Page,/countries/medical-tourism-india-for-bahrainis,https://medicaltoursindia.com/countries/medical-tourism-india-for-bahrainis,"bahrainis"
Countries,Country Page,/countries/medical-tourism-india-for-bangladeshis,https://medicaltoursindia.com/countries/medical-tourism-india-for-bangladeshis,"bangladeshis"
Countries,Country Page,/countries/medical-tourism-india-for-egyptians,https://medicaltoursindia.com/countries/medical-tourism-india-for-egyptians,"egyptians"
Countries,Country Page,/countries/medical-tourism-india-for-ethiopians,https://medicaltoursindia.com/countries/medical-tourism-india-for-ethiopians,"ethiopians"
Countries,Country Page,/countries/medical-tourism-india-for-ghanaians,https://medicaltoursindia.com/countries/medical-tourism-india-for-ghanaians,"ghanaians"
Countries,Country Page,/countries/medical-tourism-india-for-iraqis,https://medicaltoursindia.com/countries/medical-tourism-india-for-iraqis,"iraqis"
Countries,Country Page,/countries/medical-tourism-india-for-kenyans,https://medicaltoursindia.com/countries/medical-tourism-india-for-kenyans,"kenyans"
Countries,Country Page,/countries/medical-tourism-india-for-kuwaitis,https://medicaltoursindia.com/countries/medical-tourism-india-for-kuwaitis,"kuwaitis"
Countries,Country Page,/countries/medical-tourism-india-for-malawians,https://medicaltoursindia.com/countries/medical-tourism-india-for-malawians,"malawians"
Countries,Country Page,/countries/medical-tourism-india-for-nigerians,https://medicaltoursindia.com/countries/medical-tourism-india-for-nigerians,"nigerians"
Countries,Country Page,/countries/medical-tourism-india-for-omanis,https://medicaltoursindia.com/countries/medical-tourism-india-for-omanis,"omanis"
Countries,Country Page,/countries/medical-tourism-india-for-qataris,https://medicaltoursindia.com/countries/medical-tourism-india-for-qataris,"qataris"
Countries,Country Page,/countries/medical-tourism-india-for-rwandans,https://medicaltoursindia.com/countries/medical-tourism-india-for-rwandans,"rwandans"
Countries,Country Page,/countries/medical-tourism-india-for-saudi-patients,https://medicaltoursindia.com/countries/medical-tourism-india-for-saudi-patients,"saudi patients"
Countries,Country Page,/countries/medical-tourism-india-for-south-africans,https://medicaltoursindia.com/countries/medical-tourism-india-for-south-africans,"south africans"
Countries,Country Page,/countries/medical-tourism-india-for-sudanese-patients,https://medicaltoursindia.com/countries/medical-tourism-india-for-sudanese-patients,"sudanese patients"
Countries,Country Page,/countries/medical-tourism-india-for-tanzanians,https://medicaltoursindia.com/countries/medical-tourism-india-for-tanzanians,"tanzanians"
Countries,Country Page,/countries/medical-tourism-india-for-uae-residents,https://medicaltoursindia.com/countries/medical-tourism-india-for-uae-residents,"uae residents"
Countries,Country Page,/countries/medical-tourism-india-for-ugandans,https://medicaltoursindia.com/countries/medical-tourism-india-for-ugandans,"ugandans"
Countries,Country Page,/countries/medical-tourism-india-for-uk-patients,https://medicaltoursindia.com/countries/medical-tourism-india-for-uk-patients,"uk patients"
Countries,Country Page,/countries/medical-tourism-india-for-usa-patients,https://medicaltoursindia.com/countries/medical-tourism-india-for-usa-patients,"usa patients"
Countries,Country Page,/countries/medical-tourism-india-for-yemeni-patients,https://medicaltoursindia.com/countries/medical-tourism-india-for-yemeni-patients,"yemeni patients"
Countries,Country Page,/countries/medical-tourism-india-for-zambians,https://medicaltoursindia.com/countries/medical-tourism-india-for-zambians,"zambians"
Cities,City Guide,/cities/bangalore,https://medicaltoursindia.com/cities/bangalore,"Bangalore"
Cities,City Guide,/cities/chennai,https://medicaltoursindia.com/cities/chennai,"Chennai"
Cities,City Guide,/cities/delhi,https://medicaltoursindia.com/cities/delhi,"Delhi"
Cities,City Guide,/cities/hyderabad,https://medicaltoursindia.com/cities/hyderabad,"Hyderabad"
Cities,City Guide,/cities/mumbai,https://medicaltoursindia.com/cities/mumbai,"Mumbai"
Patient Stories,By Country,/patient-stories/usa,https://medicaltoursindia.com/patient-stories/usa,"United States"
Patient Stories,By Country,/patient-stories/uk,https://medicaltoursindia.com/patient-stories/uk,"United Kingdom"
Patient Stories,By Country,/patient-stories/nigeria,https://medicaltoursindia.com/patient-stories/nigeria,"Nigeria"
Patient Stories,By Country,/patient-stories/kenya,https://medicaltoursindia.com/patient-stories/kenya,"Kenya"
Patient Stories,By Country,/patient-stories/uae,https://medicaltoursindia.com/patient-stories/uae,"United Arab Emirates"
Patient Stories,By Country,/patient-stories/oman,https://medicaltoursindia.com/patient-stories/oman,"Oman"
Patient Stories,By Country,/patient-stories/tanzania,https://medicaltoursindia.com/patient-stories/tanzania,"Tanzania"
Patient Stories,By Country,/patient-stories/uganda,https://medicaltoursindia.com/patient-stories/uganda,"Uganda"
Patient Stories,By Country,/patient-stories/zambia,https://medicaltoursindia.com/patient-stories/zambia,"Zambia"
Patient Stories,By Country,/patient-stories/bangladesh,https://medicaltoursindia.com/patient-stories/bangladesh,"Bangladesh"
Patient Stories,By Country,/patient-stories/iraq,https://medicaltoursindia.com/patient-stories/iraq,"Iraq"
Patient Stories,By Country,/patient-stories/afghanistan,https://medicaltoursindia.com/patient-stories/afghanistan,"Afghanistan"
Patient Stories,By Country,/patient-stories/ethiopia,https://medicaltoursindia.com/patient-stories/ethiopia,"Ethiopia"
Patient Stories,By Country,/patient-stories/yemen,https://medicaltoursindia.com/patient-stories/yemen,"Yemen"
Patient Stories,By Country,/patient-stories/ghana,https://medicaltoursindia.com/patient-stories/ghana,"Ghana"
Patient Stories,By Country,/patient-stories/south-africa,https://medicaltoursindia.com/patient-stories/south-africa,"South Africa"
Patient Stories,By Country,/patient-stories/rwanda,https://medicaltoursindia.com/patient-stories/rwanda,"Rwanda"
Patient Stories,By Country,/patient-stories/saudi-arabia,https://medicaltoursindia.com/patient-stories/saudi-arabia,"Saudi Arabia"
Patient Stories,By Country,/patient-stories/qatar,https://medicaltoursindia.com/patient-stories/qatar,"Qatar"
Patient Stories,By Country,/patient-stories/kuwait,https://medicaltoursindia.com/patient-stories/kuwait,"Kuwait"
Patient Stories,By Country,/patient-stories/bahrain,https://medicaltoursindia.com/patient-stories/bahrain,"Bahrain"
Patient Stories,By Country,/patient-stories/egypt,https://medicaltoursindia.com/patient-stories/egypt,"Egypt"
Patient Stories,By Country,/patient-stories/sudan,https://medicaltoursindia.com/patient-stories/sudan,"Sudan"
Patient Stories,By Country,/patient-stories/malawi,https://medicaltoursindia.com/patient-stories/malawi,"Malawi"
Patient Stories,By Treatment,/patient-stories/treatment/heart-bypass-surgery-cost-india,https://medicaltoursindia.com/patient-stories/treatment/heart-bypass-surgery-cost-india,"Heart Bypass Surgery (CABG)"
Patient Stories,By Treatment,/patient-stories/treatment/total-knee-replacement-surgery-india,https://medicaltoursindia.com/patient-stories/treatment/total-knee-replacement-surgery-india,"Total Knee Replacement"
Patient Stories,By Treatment,/patient-stories/treatment/ivf-treatment-cost-india,https://medicaltoursindia.com/patient-stories/treatment/ivf-treatment-cost-india,"IVF Treatment"
Patient Stories,By Treatment,/patient-stories/treatment/dental-implants-cost-india,https://medicaltoursindia.com/patient-stories/treatment/dental-implants-cost-india,"Dental Implants"
Patient Stories,By Treatment,/patient-stories/treatment/hip-replacement-surgery-india,https://medicaltoursindia.com/patient-stories/treatment/hip-replacement-surgery-india,"Hip Replacement"
Patient Stories,By Treatment,/patient-stories/treatment/spine-surgery-india,https://medicaltoursindia.com/patient-stories/treatment/spine-surgery-india,"Spine Surgery (Discectomy / Fusion)"
Patient Stories,By Treatment,/patient-stories/treatment/angioplasty-stent-placement-cost-india,https://medicaltoursindia.com/patient-stories/treatment/angioplasty-stent-placement-cost-india,"Angioplasty / Stent Placement"
Patient Stories,By Treatment,/patient-stories/treatment/breast-cancer-treatment-india,https://medicaltoursindia.com/patient-stories/treatment/breast-cancer-treatment-india,"Breast Cancer Treatment"
Patient Stories,By Treatment,/patient-stories/treatment/kidney-transplant-india,https://medicaltoursindia.com/patient-stories/treatment/kidney-transplant-india,"Kidney Transplant"
Patient Stories,By Treatment,/patient-stories/treatment/liver-transplant-india,https://medicaltoursindia.com/patient-stories/treatment/liver-transplant-india,"Liver Transplant"
Patient Stories,By Treatment,/patient-stories/treatment/brain-tumor-surgery-india,https://medicaltoursindia.com/patient-stories/treatment/brain-tumor-surgery-india,"Brain Tumor Surgery"
Patient Stories,By Treatment,/patient-stories/treatment/pacemaker-implantation-india,https://medicaltoursindia.com/patient-stories/treatment/pacemaker-implantation-india,"Pacemaker Implantation"
Patient Stories,By Treatment,/patient-stories/treatment/cataract-surgery-india,https://medicaltoursindia.com/patient-stories/treatment/cataract-surgery-india,"Cataract Surgery"
Patient Stories,By Treatment,/patient-stories/treatment/gallbladder-removal-laparoscopic-india,https://medicaltoursindia.com/patient-stories/treatment/gallbladder-removal-laparoscopic-india,"Gallbladder Removal (Laparoscopic)"
Patient Stories,By Treatment,/patient-stories/treatment/prostate-surgery-turp-cost-india,https://medicaltoursindia.com/patient-stories/treatment/prostate-surgery-turp-cost-india,"Prostate Surgery (TURP)"
Patient Stories,By Treatment,/patient-stories/treatment/bariatric-weight-loss-surgery-india,https://medicaltoursindia.com/patient-stories/treatment/bariatric-weight-loss-surgery-india,"Bariatric / Weight Loss Surgery"
Patient Stories,By Treatment,/patient-stories/treatment/pediatric-heart-surgery-india,https://medicaltoursindia.com/patient-stories/treatment/pediatric-heart-surgery-india,"Pediatric Heart Surgery"
Patient Stories,By Treatment,/patient-stories/treatment/hair-transplant-cost-india,https://medicaltoursindia.com/patient-stories/treatment/hair-transplant-cost-india,"Hair Transplant"
Patient Stories,By Treatment,/patient-stories/treatment/rhinoplasty-cost-india,https://medicaltoursindia.com/patient-stories/treatment/rhinoplasty-cost-india,"Rhinoplasty (Nose Job)"
Patient Stories,By Treatment,/patient-stories/treatment/endometriosis-treatment-india,https://medicaltoursindia.com/patient-stories/treatment/endometriosis-treatment-india,"Endometriosis Treatment"
Patient Stories,By Treatment,/patient-stories/treatment/lasik-eye-surgery-cost-india,https://medicaltoursindia.com/patient-stories/treatment/lasik-eye-surgery-cost-india,"LASIK Eye Surgery"
Patient Stories,By Treatment,/patient-stories/treatment/chemotherapy-cost-india,https://medicaltoursindia.com/patient-stories/treatment/chemotherapy-cost-india,"Chemotherapy"
Patient Stories,By Treatment,/patient-stories/treatment/thyroidectomy-cost-india,https://medicaltoursindia.com/patient-stories/treatment/thyroidectomy-cost-india,"Thyroidectomy"
Blog,Post,/blog/avoid-medical-tourism-scams-india,https://medicaltoursindia.com/blog/avoid-medical-tourism-scams-india,"Avoid Medical Tourism Scams India"
Blog,Post,/blog/how-to-choose-hospital-india-surgery,https://medicaltoursindia.com/blog/how-to-choose-hospital-india-surgery,"How To Choose Hospital India Surgery"
Blog,Post,/blog/medical-visa-india-step-by-step,https://medicaltoursindia.com/blog/medical-visa-india-step-by-step,"Medical Visa India Step By Step"
Blog,Post,/blog/why-medical-treatment-cheaper-india,https://medicaltoursindia.com/blog/why-medical-treatment-cheaper-india,"Why Medical Treatment Cheaper India"
Domestic,Hub,/india/hyderabad,https://medicaltoursindia.com/india/hyderabad,"Surgery in Hyderabad for Indian Patients"
Domestic,AP & Telangana,/india/hyderabad/telangana-andhra-patients,https://medicaltoursindia.com/india/hyderabad/telangana-andhra-patients,"Surgery in Hyderabad for Telangana & Andhra Pradesh Patients"
Domestic,AP & Telangana,/india/hyderabad/for-warangal-patients,https://medicaltoursindia.com/india/hyderabad/for-warangal-patients,"Hyderabad Surgery Guide for Warangal Patients"
Domestic,AP & Telangana,/india/hyderabad/for-vijayawada-patients,https://medicaltoursindia.com/india/hyderabad/for-vijayawada-patients,"Hyderabad Surgery Guide for Vijayawada Patients"
Domestic,AP & Telangana,/india/hyderabad/for-karimnagar-patients,https://medicaltoursindia.com/india/hyderabad/for-karimnagar-patients,"Hyderabad Surgery Guide for Karimnagar Patients"
Domestic,AP & Telangana,/india/hyderabad/for-visakhapatnam-patients,https://medicaltoursindia.com/india/hyderabad/for-visakhapatnam-patients,"Hyderabad Surgery Guide for Visakhapatnam Patients"
Domestic,AP & Telangana,/india/hyderabad/for-nizamabad-patients,https://medicaltoursindia.com/india/hyderabad/for-nizamabad-patients,"Hyderabad Surgery Guide for Nizamabad Patients"
Domestic,AP & Telangana,/india/hyderabad/aarogyasri-empanelled-hospitals,https://medicaltoursindia.com/india/hyderabad/aarogyasri-empanelled-hospitals,"Aarogyasri Empanelled Hospitals in Hyderabad"
Domestic,AP & Telangana,/india/hyderabad/emi-medical-loans,https://medicaltoursindia.com/india/hyderabad/emi-medical-loans,"EMI & Medical Loans for Surgery in Hyderabad"
Domestic,AP & Telangana,/india/hyderabad/free-medical-camps,https://medicaltoursindia.com/india/hyderabad/free-medical-camps,"Free Medical Camps in Hyderabad"
Domestic,Pan-India States,/india/hyderabad/for-odisha-patients,https://medicaltoursindia.com/india/hyderabad/for-odisha-patients,"Hyderabad Surgery Guide for Odisha Patients"
Domestic,Pan-India States,/india/hyderabad/for-chhattisgarh-patients,https://medicaltoursindia.com/india/hyderabad/for-chhattisgarh-patients,"Hyderabad Surgery Guide for Chhattisgarh Patients"
Domestic,Pan-India States,/india/hyderabad/for-karnataka-patients,https://medicaltoursindia.com/india/hyderabad/for-karnataka-patients,"Hyderabad Surgery Guide for Karnataka Patients"
Domestic,Pan-India States,/india/hyderabad/for-maharashtra-patients,https://medicaltoursindia.com/india/hyderabad/for-maharashtra-patients,"Hyderabad Surgery Guide for Maharashtra Patients"
Domestic,Pan-India States,/india/hyderabad/for-tamil-nadu-patients,https://medicaltoursindia.com/india/hyderabad/for-tamil-nadu-patients,"Hyderabad Surgery Guide for Tamil Nadu Patients"
Domestic,Insurance Schemes,/india/hyderabad/ayushman-bharat-hospitals,https://medicaltoursindia.com/india/hyderabad/ayushman-bharat-hospitals,"Ayushman Bharat Empanelled Hospitals in Hyderabad"
Domestic,Insurance Schemes,/india/hyderabad/cghs-empanelled-hospitals,https://medicaltoursindia.com/india/hyderabad/cghs-empanelled-hospitals,"CGHS Empanelled Hospitals in Hyderabad"
Domestic,Insurance Schemes,/india/hyderabad/insurance-schemes-comparison,https://medicaltoursindia.com/india/hyderabad/insurance-schemes-comparison,"Insurance Schemes Comparison — Aarogyasri vs Ayushman Bharat vs CGHS"
Domestic,Budget Procedure,/india/hyderabad/low-cost-knee-replacement,https://medicaltoursindia.com/india/hyderabad/low-cost-knee-replacement,"Low-Cost Knee Replacement in Hyderabad"
Domestic,Budget Procedure,/india/hyderabad/affordable-cardiac-surgery,https://medicaltoursindia.com/india/hyderabad/affordable-cardiac-surgery,"Affordable Cardiac Surgery in Hyderabad"
Domestic,Budget Procedure,/india/hyderabad/budget-cataract-surgery,https://medicaltoursindia.com/india/hyderabad/budget-cataract-surgery,"Budget Cataract Surgery in Hyderabad"
Domestic,Budget Procedure,/india/hyderabad/low-cost-cancer-treatment,https://medicaltoursindia.com/india/hyderabad/low-cost-cancer-treatment,"Low-Cost Cancer Treatment in Hyderabad"
Domestic,Logistics,/india/hyderabad/second-opinion-doctors,https://medicaltoursindia.com/india/hyderabad/second-opinion-doctors,"Second Opinion Doctors in Hyderabad"
Domestic,Logistics,/india/hyderabad/train-flight-travel-guide,https://medicaltoursindia.com/india/hyderabad/train-flight-travel-guide,"Train & Flight Travel Guide to Hyderabad for Surgery"
Domestic,Logistics,/india/hyderabad/interstate-doctor-referrals,https://medicaltoursindia.com/india/hyderabad/interstate-doctor-referrals,"Interstate Doctor Referrals to Hyderabad Hospitals"
Domestic,Telugu,/te/hyderabad,https://medicaltoursindia.com/te/hyderabad,"హైదరాబాద్‌లో శస్త్రచికిత్స — భారతీయ రోగులకు"
Domestic,Telugu,/te/hyderabad/telangana-andhra-patients,https://medicaltoursindia.com/te/hyderabad/telangana-andhra-patients,"తెలంగాణ & ఆంధ్రప్రదేశ్ రోగులకు హైదరాబాద్ శస్త్రచికిత్స"
Domestic,Telugu,/te/hyderabad/aarogyasri-empanelled-hospitals,https://medicaltoursindia.com/te/hyderabad/aarogyasri-empanelled-hospitals,"హైదరాబాద్‌లో ఆరోగ్యశ్రీ ఎంపానెల్ ఆసుపత్రులు"
Domestic,Telugu,/te/hyderabad/ayushman-bharat-hospitals,https://medicaltoursindia.com/te/hyderabad/ayushman-bharat-hospitals,"హైదరాబాద్‌లో ఆయుష్మాన్ భారత్ ఆసుపత్రులు"
Domestic,Budget Procedure,/india/hyderabad/low-cost-hip-replacement,https://medicaltoursindia.com/india/hyderabad/low-cost-hip-replacement,"Low-Cost Hip Replacement in Hyderabad"
Domestic,Budget Procedure,/india/hyderabad/affordable-spine-surgery,https://medicaltoursindia.com/india/hyderabad/affordable-spine-surgery,"Affordable Spine Surgery in Hyderabad"
